n_pairs,pearson_r,p_value,bin_minutes
462,0.6113283673590291,1.0936432438376244e-48,5
