n_pairs,bias_bpm,sd_diff_bpm,loa_upper_bpm,loa_lower_bpm,bin_minutes
462,4.163596891768867,16.736085430578694,36.966324335703106,-28.63913055216537,5
